time_ms,cpu_usage,queue_length,active_workers
1,10,0,1
12,10,0,1
23,10,0,1
34,20,0,2
49,30,0,3
59,30,0,3
69,40,0,4
80,40,0,4
92,50,0,5
104,50,0,5
115,60,0,6
126,60,0,6
138,60,1,6
148,100,0,7
159,100,1,7
172,140,0,8
183,140,1,8
194,140,1,8
206,170,1,8
219,170,1,8
232,170,2,8
243,170,1,8
254,170,1,8
267,170,1,8
278,170,1,8
290,170,1,8
301,170,1,8
312,170,2,8
323,170,1,8
335,170,1,8
345,140,1,8
357,140,2,8
369,100,2,7
380,110,1,8
391,110,2,8
402,110,2,8
412,110,2,8
425,110,2,8
436,110,3,8
447,140,2,8
459,170,2,8
472,170,1,8
483,170,2,8
494,170,1,8
504,170,2,8
515,170,1,8
526,170,2,8
537,170,2,8
551,170,2,8
562,170,2,8
573,170,2,8
585,170,2,8
595,170,3,8
605,170,3,8
618,140,3,8
629,140,3,8
641,140,4,8
652,110,3,8
663,110,2,8
676,110,3,8
687,140,3,8
697,170,2,8
709,170,2,8
720,170,2,8
733,170,2,8
744,170,3,8
754,170,2,8
765,170,3,8
776,170,3,8
787,170,3,8
800,170,3,8
812,170,3,8
825,170,3,8
837,170,4,8
848,170,3,8
860,140,3,8
870,140,3,8
883,110,3,8
895,110,3,8
906,110,3,8
919,110,4,8
930,140,3,8
943,140,3,8
953,170,3,8
965,170,3,8
975,170,4,8
986,170,3,8
996,170,4,8
1006,170,4,8
1018,170,4,8
1031,170,4,8
1044,170,5,8
1055,170,4,8
1065,170,4,8
1078,170,4,8
1089,170,4,8
1099,170,4,8
1112,140,4,8
1123,140,4,8
1136,110,4,8
1147,110,5,8
1159,110,4,8
1170,110,5,8
1181,110,5,8
1192,140,5,8
1203,140,5,8
1216,140,6,8
1227,170,5,8
1240,170,6,8
1251,170,5,8
1262,170,6,8
1275,170,5,8
1287,170,5,8
1297,170,5,8
1309,170,5,8
1320,170,5,8
1330,170,6,8
1343,170,5,8
1356,170,6,8
1369,140,5,8
1382,140,6,8
1394,110,5,8
1405,110,6,8
1417,110,7,8
1429,110,6,8
1439,110,7,8
1452,100,6,8
1464,140,7,8
1474,170,6,8
1485,170,5,8
1497,170,6,8
1509,170,6,8
1519,170,6,8
1530,170,7,8
1541,170,6,8
1552,170,7,8
1563,170,6,8
1574,170,6,8
1586,170,7,8
1596,170,6,8
1607,170,7,8
1618,170,7,8
1629,140,7,8
1640,140,7,8
1651,140,8,8
1662,110,7,8
1673,110,6,8
1686,110,7,8
1698,140,7,8
1711,170,6,8
1721,170,7,8
1734,170,7,8
1746,170,7,8
1757,170,7,8
1769,170,7,8
1780,170,7,8
1794,170,8,8
1806,170,7,8
1824,170,8,8
1838,170,8,8
1854,170,8,8
1866,170,8,8
1891,140,7,8
1904,110,7,8
1922,110,6,8
1933,110,7,8
1951,140,7,8
1967,140,7,8
1978,170,7,8
1990,170,7,8
2001,170,8,8
2018,170,8,8
2029,170,8,8
2039,170,8,8
2051,170,8,8
2065,170,8,8
2181,170,8,8
2192,110,4,8
2202,100,3,8
2212,140,4,8
2225,140,4,8
2235,140,5,8
2246,170,4,8
2256,170,5,8
2267,170,5,8
2278,170,5,8
2289,170,5,8
2350,170,6,8
2377,170,7,8
2388,140,3,8
2401,140,4,8
2413,110,3,8
2423,110,4,8
2434,110,4,8
2445,70,5,7
2456,110,4,8
2469,110,5,8
2482,140,4,8
2493,140,5,8
2505,140,5,8
2518,140,6,8
2531,140,6,8
2543,140,7,8
2555,140,7,8
2565,140,8,8
2578,140,9,8
2588,170,4,8
2601,170,4,8
2612,170,4,8
2623,170,5,8
2633,170,5,8
2644,170,5,8
2656,140,5,8
2668,140,5,8
2683,110,5,8
2695,110,6,8
2705,110,6,8
2718,110,6,8
2730,110,7,8
2743,110,8,8
2755,110,8,8
2766,110,8,8
2778,110,9,8
2791,170,5,8
2802,170,5,8
2815,170,5,8
2825,170,5,8
2836,170,6,8
2847,170,6,8
2859,170,5,8
2869,170,6,8
2881,170,6,8
2893,170,6,8
2903,170,7,8
2914,170,7,8
2926,170,8,8
2936,170,8,8
2948,170,9,8
2959,170,9,8
2970,170,9,8
2981,170,10,8
2991,140,6,8
3002,170,6,8
3014,170,5,8
3026,170,6,8
3038,170,7,8
3049,170,7,8
3060,170,6,8
3071,170,7,8
3081,170,7,8
3093,170,7,8
3103,170,7,8
3114,170,8,8
3126,170,8,8
3139,170,9,8
3150,170,9,8
3162,170,10,8
3173,170,10,8
3186,170,11,8
3197,70,7,7
3208,110,7,8
3218,140,6,8
3228,140,7,8
3239,140,7,8
3252,140,8,8
3264,170,7,8
3275,170,8,8
3286,170,8,8
3297,170,8,8
3309,170,8,8
3319,170,9,8
3331,170,9,8
3342,170,10,8
3355,170,10,8
3368,170,11,8
3378,170,11,8
3391,170,12,8
3402,140,7,8
3415,110,7,8
3426,110,8,8
3437,110,8,8
3447,110,8,8
3459,110,8,8
3470,110,8,8
3481,110,9,8
3492,140,8,8
3503,140,9,8
3515,140,9,8
3526,140,10,8
3536,140,11,8
3546,140,11,8
3559,140,11,8
3569,140,12,8
3581,140,12,8
3592,140,13,8
3604,170,10,8
3614,170,9,8
3626,170,8,8
3637,170,9,8
3649,170,10,8
3659,140,9,8
3672,140,10,8
3682,140,10,8
3693,110,10,8
3704,110,10,8
3717,110,11,8
3728,110,11,8
3741,110,12,8
3752,110,13,8
3764,110,13,8
3776,110,14,8
3787,110,14,8
3800,170,11,8
3812,170,10,8
3823,170,10,8
3834,170,10,8
3846,170,11,8
3859,170,11,8
3869,170,11,8
3883,170,12,8
3893,170,11,8
3906,170,12,8
3919,170,12,8
3929,170,13,8
3942,170,13,8
3953,170,14,8
3966,170,14,8
3976,170,15,8
3987,170,15,8
3997,140,12,8
4009,140,13,8
4020,170,12,8
4032,170,11,8
4043,170,12,8
4056,170,12,8
4068,170,12,8
4079,170,13,8
4092,170,13,8
4103,170,13,8
4115,170,13,8
4125,170,14,8
4137,170,14,8
4147,170,14,8
4159,170,15,8
4170,170,16,8
4183,170,16,8
4194,170,17,8
4205,110,13,8
4215,110,14,8
4226,140,12,8
4237,140,13,8
4249,140,13,8
4259,140,13,8
4270,170,13,8
4283,170,13,8
4295,170,14,8
4305,170,13,8
4318,170,14,8
4329,170,14,8
4341,170,15,8
4354,170,16,8
4365,170,16,8
4376,170,17,8
4386,170,17,8
4399,170,17,8
4412,170,14,8
4425,110,13,8
4437,110,13,8
4450,110,14,8
4462,110,15,8
4475,110,14,8
4487,110,15,8
4498,140,14,8
4509,140,15,8
4521,140,15,8
4534,140,16,8
4544,140,16,8
4557,140,17,8
4568,140,17,8
4581,140,18,8
4593,140,18,8
4603,170,17,8
4614,170,15,8
4626,170,16,8
4639,170,14,8
4649,170,15,8
4662,170,15,8
4672,140,15,8
4685,140,15,8
4696,140,16,8
4708,110,15,8
4721,110,16,8
4734,110,16,8
4745,110,17,8
4756,110,18,8
4808,110,18,8
4823,170,15,8
4856,170,14,8
4889,170,14,8
4902,170,14,8
4912,170,14,8
4926,170,14,8
4937,170,15,8
4948,170,15,8
4959,170,16,8
4971,170,16,8
4982,170,17,8
4993,170,17,8
5006,170,18,8
5017,140,14,8
5029,140,15,8
5040,170,13,8
5051,170,14,8
5061,170,14,8
5073,170,14,8
5084,170,15,8
5097,170,15,8
5107,170,15,8
5119,170,15,8
5132,170,15,8
5143,170,16,8
5155,170,16,8
5168,170,17,8
5178,170,17,8
5191,170,18,8
5201,170,18,8
5212,170,19,8
5225,110,15,8
5236,140,14,8
5248,140,14,8
5259,140,15,8
5269,140,15,8
5282,170,15,8
5292,170,15,8
5303,170,16,8
5315,170,16,8
5326,170,16,8
5338,170,17,8
5350,170,17,8
5362,170,18,8
5375,170,18,8
5385,170,19,8
5398,170,19,8
5410,170,20,8
5423,170,16,8
5433,170,17,8
5444,110,15,8
5457,110,16,8
5468,110,16,8
5481,110,16,8
5492,110,17,8
5503,110,17,8
5515,140,16,8
5526,140,17,8
5536,140,17,8
5548,140,18,8
5559,140,19,8
5570,140,19,8
5581,140,19,8
5593,140,20,8
5605,140,21,8
5616,140,21,8
5628,170,17,8
5640,170,18,8
5651,170,17,8
5664,170,17,8
5676,170,18,8
5689,140,17,8
5700,140,18,8
5759,140,18,8
5771,110,18,8
5784,110,19,8
5795,110,19,8
5807,110,19,8
5817,110,20,8
5828,170,16,8
5840,170,17,8
5851,170,15,8
5906,170,16,8
5929,170,16,8
5956,170,17,8
5967,170,17,8
5978,170,17,8
5988,170,18,8
6002,170,18,8
6030,170,19,8
6042,140,15,8
6053,170,13,8
6063,170,14,8
6073,170,14,8
6086,170,15,8
6096,170,15,8
6106,170,16,8
6119,170,15,8
6131,170,16,8
6142,170,16,8
6153,170,17,8
6164,170,17,8
6176,170,17,8
6188,170,17,8
6200,170,18,8
6212,170,18,8
6223,170,19,8
6234,160,19,6
6246,110,16,8
6259,140,14,8
6270,140,15,8
6282,140,15,8
6293,140,16,8
6304,140,16,8
6314,170,16,8
6325,170,16,8
6337,170,17,8
6349,170,17,8
6361,170,18,8
6371,170,18,8
6382,170,18,8
6392,170,19,8
6403,170,19,8
6413,170,19,8
6423,170,20,8
6434,170,20,8
6447,170,17,8
6459,110,16,8
6470,110,16,8
6481,110,16,8
6492,110,17,8
6505,110,18,8
6517,110,17,7
6529,110,18,8
6539,110,18,8
6550,110,19,8
6560,110,19,8
6571,110,19,8
6582,140,19,8
6593,140,19,8
6603,140,20,8
6616,140,20,8
6628,140,21,8
6639,160,18,7
6650,170,18,8
6663,170,16,8
6676,170,17,8
6686,170,17,8
6697,170,18,8
6707,170,18,8
6718,170,19,8
6728,140,18,8
6740,140,19,8
6751,140,19,8
6762,140,20,8
6773,140,20,8
6784,110,20,8
6795,110,20,8
6805,110,21,8
6816,110,21,8
6831,110,22,8
6842,170,19,8
6858,170,17,8
6869,170,18,8
6885,170,19,8
6897,170,19,8
6909,170,20,8
6920,170,20,8
6931,170,20,8
6942,170,20,8
6954,170,21,8
6966,170,21,8
6978,170,22,8
6990,170,21,8
7003,170,22,8
7016,170,22,8
7029,170,23,8
7040,170,23,8
7062,140,20,8
7073,170,19,8
7085,170,19,8
7097,170,20,8
7109,170,20,8
7120,170,21,8
7132,170,20,8
7143,170,21,8
7153,170,21,8
7164,170,22,8
7174,170,22,8
7185,160,23,7
7197,170,22,8
7210,170,23,8
7245,170,23,8
7259,110,20,8
7270,140,19,8
7281,140,19,8
7292,140,20,8
7303,140,20,8
7315,140,21,8
7326,140,21,8
7336,170,21,8
7347,170,21,8
7359,170,22,8
7369,170,22,8
7382,170,23,8
7395,170,22,8
7405,170,23,8
7417,170,23,8
7428,170,24,8
7438,170,24,8
7541,170,25,8
7559,110,19,8
7574,110,20,8
7587,110,20,8
7597,140,20,8
7610,140,21,8
7620,140,21,8
7631,140,21,8
7646,140,22,8
7656,140,23,8
7666,140,23,8
7677,140,24,8
7691,140,24,8
7814,140,25,8
7825,110,18,8
7835,110,18,8
7846,110,19,8
7856,110,19,8
7867,110,20,8
7877,110,20,8
7887,110,21,8
7902,110,22,8
7913,110,22,8
7925,110,23,8
7940,110,23,8
8064,110,24,8
8080,170,17,8
8090,170,18,8
8100,170,18,8
8114,170,19,8
8126,170,19,8
8137,170,20,8
8150,170,20,8
8160,170,21,8
8172,170,21,8
8183,170,22,8
8194,170,22,8
8205,170,23,8
8219,170,24,8
8230,170,24,8
8243,170,25,8
8254,170,25,8
8266,170,26,8
8276,170,18,8
8286,170,19,8
8298,170,19,8
8308,170,19,8
8318,170,20,8
8342,170,20,8
8354,170,21,8
8364,170,21,8
8378,170,22,8
8436,170,23,8
8452,170,23,8
8463,170,24,8
8473,170,16,8
8484,170,17,8
8496,170,17,8
8506,170,18,8
8517,170,18,8
8527,170,19,8
8537,170,19,8
8548,170,20,8
8558,170,20,8
8605,170,21,8
8615,170,21,8
8628,170,21,8
8639,170,22,8
8649,170,22,8
8686,160,23,7
8699,140,16,8
8710,140,17,8
8721,140,17,8
8732,140,18,8
8742,140,18,8
8752,140,19,8
8763,140,19,8
8773,140,20,8
8783,140,20,8
8794,140,21,8
8807,140,21,8
8913,140,22,8
8949,110,16,8
8959,110,16,8
8972,110,17,8
8982,110,17,8
8992,110,18,8
9002,110,18,8
9013,110,19,8
9025,110,19,8
9036,110,20,8
9046,110,20,8
9056,110,21,8
9121,110,21,8
9171,170,19,8
9184,170,15,8
9194,170,15,8
9207,170,16,8
9217,170,17,8
9228,170,17,8
9238,170,18,8
9250,170,18,8
9261,170,19,8
9272,170,19,8
9283,170,20,8
9293,170,20,8
9303,170,21,8
9315,170,21,8
9326,170,22,8
9337,110,19,8
9349,110,20,8
9360,110,20,8
9371,110,21,8
9381,170,16,8
9392,170,17,8
9405,170,17,8
9416,170,18,8
9426,170,18,8
9437,170,19,8
9448,170,19,8
9459,170,20,8
9469,170,20,8
9481,170,21,8
9493,170,21,8
9505,170,22,8
9515,170,22,8
9526,170,23,8
9536,170,23,8
9546,140,21,8
9557,140,21,8
9568,140,22,8
9584,170,17,8
9596,170,18,8
9606,170,18,8
9617,170,19,8
9628,170,20,8
9639,170,20,8
9652,170,20,8
9664,170,21,8
9677,170,22,8
9688,170,22,8
9704,170,22,8
9720,170,23,8
9731,170,24,8
9743,170,21,8
9754,170,22,8
9766,170,22,8
9778,170,23,8
9790,140,18,8
9802,140,19,8
9818,140,19,8
9833,140,20,8
9851,140,21,8
9866,140,22,8
9878,140,22,8
9889,140,23,8
9900,140,23,8
9910,140,24,8
9922,140,24,8
9957,140,25,8
9968,170,22,8
9980,170,22,8
9991,110,18,8
10002,110,19,8
10014,110,19,8
10027,110,20,8
10037,110,20,8
10051,110,21,8
10061,110,21,8
10074,110,22,8
10087,110,22,8
10100,110,23,8
10113,110,23,8
10125,110,24,8
10136,110,24,8
10149,110,25,8
10160,110,24,8
10171,170,23,8
10183,170,22,8
10196,170,19,8
10207,170,20,8
10218,170,20,8
10228,170,21,8
10238,170,21,8
10251,170,21,8
10263,170,22,8
10275,170,22,8
10286,170,23,8
10296,170,23,8
10308,170,24,8
10320,170,25,8
10332,170,25,8
10344,170,26,8
10354,170,26,8
10368,140,26,8
10380,110,24,8
10393,170,20,8
10404,170,20,8
10417,170,20,8
10427,170,21,8
10440,170,21,8
10451,170,22,8
10463,170,22,8
10475,170,23,8
10486,170,23,8
10497,170,24,8
10508,170,24,8
10518,170,25,8
10530,170,25,8
10543,170,26,8
10554,170,26,8
10569,170,27,8
10582,140,24,8
10594,170,21,8
10607,170,21,8
10618,170,21,8
10630,170,22,8
10643,170,22,8
10655,170,23,8
10666,170,23,8
10677,170,24,8
10687,170,24,8
10698,170,25,8
10710,170,25,8
10720,170,26,8
10732,170,26,8
10747,170,27,8
10760,170,27,8
10772,170,27,8
10788,170,25,8
10802,110,22,8
10845,140,21,8
10857,140,22,8
10870,140,23,8
10883,140,23,8
10895,140,24,8
10910,140,24,8
10979,140,25,8
10990,170,23,8
11002,140,20,8
11013,110,19,8
11023,110,19,8
11041,110,20,8
11053,110,20,8
11069,110,21,8
11080,110,22,8
11091,110,22,8
11179,110,23,8
11191,170,20,8
11202,170,17,8
11213,170,16,8
11224,170,17,8
11235,170,17,8
11246,170,17,8
11256,170,18,8
11266,170,18,8
11278,170,19,8
11289,170,19,8
11301,170,20,8
11368,170,21,8
11398,110,20,8
11411,170,15,8
11437,170,16,8
11448,170,17,8
11459,170,17,8
11470,170,18,8
11480,170,18,8
11490,170,19,8
11500,170,19,8
11516,170,20,8
11527,170,20,8
11538,170,21,8
11551,170,21,8
11563,170,22,8
11576,170,23,8
11590,170,23,8
11603,140,21,8
11614,170,16,8
11624,170,17,8
11638,170,17,8
11648,170,18,8
11659,170,18,8
11671,170,19,8
11683,170,19,8
11743,170,20,8
11754,170,21,8
11766,170,21,8
11776,170,22,8
11788,170,22,8
11810,170,21,8
11823,140,16,8
11839,140,16,8
11850,140,17,8
11861,140,17,8
11871,140,18,8
11882,140,18,8
11892,140,19,8
11903,140,19,8
11915,140,20,8
11928,140,20,8
11939,140,21,8
11950,140,21,8
11962,140,22,8
11975,140,22,8
11985,140,23,8
11997,170,21,8
12009,170,22,8
12019,110,16,8
12031,110,17,8
12043,110,17,8
12055,110,18,8
12086,110,18,8
12103,110,19,8
12115,110,20,8
12126,110,20,8
12138,110,21,8
12150,110,21,8
12161,110,22,8
12172,110,22,8
12185,110,23,8
12198,110,24,8
12209,140,22,8
12222,170,17,8
12234,170,17,8
12244,170,18,8
12254,170,18,8
12265,170,18,8
12278,170,19,8
12289,170,19,8
12300,170,20,8
12312,170,20,8
12323,170,21,8
12335,170,21,8
12349,170,22,8
12366,170,22,8
12398,170,23,8
12428,110,22,8
12448,170,17,8
12459,170,18,8
12470,170,18,8
12489,170,19,8
12501,170,19,8
12514,170,20,8
12525,170,20,8
12536,170,21,8
12549,170,21,8
12559,170,22,8
12571,170,22,8
12585,170,23,8
12601,170,23,8
12612,170,22,8
12623,170,22,8
12634,170,17,8
12671,170,18,8
12682,170,18,8
12692,170,19,8
12703,170,19,8
12714,170,19,8
12726,170,20,8
12738,170,20,8
12749,170,21,8
12760,170,21,8
12770,170,22,8
12781,170,22,8
12793,170,23,8
12804,170,23,8
12817,170,22,8
12828,170,22,8
12839,140,16,8
12852,140,17,8
12866,140,18,8
12878,140,18,8
12889,140,19,8
12903,140,19,8
12918,140,20,8
12928,140,20,8
12939,140,21,8
12954,140,21,8
12964,140,22,8
12974,140,22,8
12985,140,23,8
12996,140,23,8
13009,140,24,8
13064,170,22,8
13075,110,17,8
13085,110,17,8
13096,110,18,8
13108,110,18,8
13119,110,19,8
13129,110,19,8
13142,110,20,8
13152,110,20,8
13162,110,21,8
13175,110,21,8
13185,110,22,8
13196,110,22,8
13208,110,23,8
13221,110,22,8
13231,110,23,8
13246,110,23,8
13258,110,24,8
13269,140,23,8
13280,170,18,8
13290,170,18,8
13305,170,19,8
13315,170,19,8
13338,170,20,8
13450,170,21,8
13461,140,20,8
13472,110,19,8
13486,170,14,8
13496,170,15,8
13507,170,15,8
13517,170,16,8
13528,170,16,8
13538,170,17,8
13549,170,17,8
13559,170,18,8
13572,170,18,8
13585,170,19,8
13596,170,19,8
13607,170,20,8
13619,170,21,8
13632,170,21,8
13642,170,22,8
13655,170,21,8
13667,170,22,8
13678,110,19,8
13688,170,16,8
13700,170,16,8
13712,170,17,8
13725,170,17,8
13736,170,18,8
13746,170,18,8
13758,170,19,8
13769,170,19,8
13782,170,20,8
13793,170,20,8
13811,170,21,8
13822,170,22,8
13832,170,22,8
13844,170,23,8
13857,170,23,8
13867,170,23,8
13880,160,22,7
13890,140,17,8
13901,140,18,8
13911,140,18,8
13922,140,18,8
13933,140,19,8
13944,140,19,8
13956,140,20,8
13967,140,20,8
13979,140,21,8
13992,140,22,8
14003,140,22,8
14015,140,22,8
14028,140,23,8
14038,140,24,8
14051,140,24,8
14062,170,23,8
14074,170,24,8
14087,170,22,8
14101,110,18,8
14112,110,19,8
14123,110,19,8
14135,110,20,8
14146,110,21,8
14158,110,21,8
14169,110,22,8
14181,110,22,8
14192,110,23,8
14202,110,23,8
14213,110,23,8
14226,110,24,8
14236,110,24,8
14248,110,25,8
14267,110,25,8
14278,110,25,8
14290,170,23,8
14302,170,19,8
14314,170,20,8
14325,170,20,8
14338,170,21,8
14354,170,22,8
14365,170,22,8
14376,170,23,8
14386,170,23,8
14399,170,23,8
14416,170,24,8
14431,170,25,8
14444,170,25,8
14455,170,26,8
14466,170,26,8
14480,140,26,8
14492,140,23,8
14503,170,20,8
14515,170,21,8
14526,170,21,8
14536,170,22,8
14549,170,22,8
14560,170,23,8
14573,170,23,8
14585,170,24,8
14595,170,24,8
14608,170,25,8
14618,170,25,8
14629,170,26,8
14640,170,26,8
14650,170,27,8
14662,170,27,8
14675,170,27,8
14685,170,27,8
14696,110,25,8
14708,170,21,8
14720,170,22,8
14731,170,22,8
14743,170,23,8
14755,170,23,8
14766,170,24,8
14776,170,24,8
14789,170,25,8
14801,170,25,8
14813,170,26,8
14824,170,26,8
14843,170,27,8
14854,170,28,8
14865,170,28,8
14876,170,28,8
14887,170,28,8
14897,170,26,8
14909,140,22,8
14920,140,23,8
14931,140,23,8
14942,140,24,8
15073,140,25,8
15085,170,24,8
15096,170,21,8
15108,110,18,8
15119,110,19,8
15131,110,19,8
15141,110,20,8
15152,110,20,8
15180,110,20,8
15192,110,21,8
15203,110,21,8
15242,110,23,8
15254,110,23,8
15265,110,24,8
15277,110,24,8
15288,110,24,8
15299,170,21,8
15309,170,20,8
15320,170,18,8
15331,170,19,8
15343,170,19,8
15354,170,20,8
15371,170,20,8
15382,170,21,8
15396,170,22,8
15408,170,22,8
15420,170,23,8
15440,170,23,8
15455,170,24,8
15465,170,25,8
15475,170,25,8
15486,140,25,8
15497,140,25,8
15508,170,21,8
15519,170,19,8
15530,170,19,8
15542,170,20,8
15556,170,20,8
15605,170,21,8
15693,170,23,8
15712,110,18,8
15722,170,16,8
15735,170,16,8
15746,170,17,8
15757,170,17,8
15776,170,18,8
15786,170,18,8
15799,170,19,8
15811,170,20,8
15821,170,20,8
15832,170,21,8
15872,170,21,8
15883,170,22,8
15895,170,22,8
15906,170,19,8
15926,140,16,8
15937,140,16,8
15958,140,17,8
15968,140,18,8
15980,140,18,8
15990,140,19,8
16003,140,19,8
16013,140,20,8
16024,140,20,8
16035,140,21,8
16047,140,21,8
16057,140,22,8
16068,140,22,8
16081,140,23,8
16092,140,23,8
16106,170,20,8
16117,170,20,8
16128,110,17,8
16139,110,18,8
16151,110,18,8
16163,110,19,8
16176,110,19,8
16186,110,20,8
16198,110,20,8
16240,110,21,8
16329,110,22,8
16341,170,15,8
16351,170,15,8
16362,170,16,8
16377,170,17,8
16387,170,17,8
16401,170,18,8
16412,170,18,8
16424,170,19,8
16436,170,19,8
16446,170,20,8
16457,170,20,8
16468,170,21,8
16478,170,21,8
16488,170,22,8
16500,170,22,8
16510,170,22,8
16522,170,23,8
16532,170,23,8
16543,170,16,8
16555,170,16,8
16566,170,17,8
16578,170,17,8
16589,170,18,8
16601,170,18,8
16620,170,19,8
16631,170,20,8
16659,170,20,8
16683,170,21,8
16703,170,22,8
16720,170,23,8
16731,170,23,8
16742,170,16,8
16753,170,17,8
16765,170,17,8
16775,170,18,8
16786,170,18,8
16797,170,18,8
16808,170,19,8
16837,170,20,8
16850,170,20,8
16861,170,21,8
16871,170,21,8
16882,170,22,8
16894,170,22,8
16904,170,23,8
16916,170,23,8
16927,170,24,8
16959,140,16,8
17037,140,18,8
17048,140,18,8
17059,140,19,8
17074,140,20,8
17085,140,20,8
17098,140,21,8
17112,140,21,8
17139,140,22,8
17150,170,20,8
17162,170,17,7
17173,110,16,8
17185,110,17,8
17195,110,17,8
17205,110,18,8
17216,110,18,8
17228,110,19,8
17239,110,19,8
17249,110,20,8
17262,110,20,8
17274,110,21,8
17286,110,21,8
17299,110,21,8
17312,110,22,8
17323,110,22,8
17335,110,23,8
17347,170,21,8
17359,170,21,8
17372,170,17,8
17383,170,17,8
17396,170,18,8
17408,170,18,8
17419,170,19,8
17432,170,19,8
17443,170,20,8
17453,170,21,8
17465,170,21,8
17476,170,21,8
17487,170,22,8
17502,170,22,8
17515,170,23,8
17528,170,24,8
17540,170,24,8
17550,110,22,8
17562,110,22,8
17574,170,18,8
17587,170,18,8
17599,170,19,8
17612,170,19,8
17625,170,20,8
17638,170,20,8
17649,170,21,8
17661,170,21,8
17674,170,22,8
17687,170,22,8
17699,170,23,8
17710,170,23,8
17722,170,24,8
17733,170,24,8
17746,170,25,8
17759,140,22,8
17772,110,22,8
17785,170,19,8
17798,170,19,8
17809,170,20,8
17820,170,20,8
17832,170,21,8
17843,170,21,8
17856,170,22,8
17868,170,22,8
17880,170,23,8
17893,170,23,8
17905,170,24,8
17916,170,24,8
17928,170,25,8
17940,170,25,8
17951,170,23,8
17962,170,23,8
17975,170,23,8
17988,140,19,8
17999,140,20,8
18009,140,20,8
18022,140,21,8
18033,140,21,8
18045,140,22,8
18058,140,23,8
18069,140,23,8
18080,140,23,8
18093,140,24,8
18106,140,24,8
18117,140,25,8
18128,140,25,8
18140,140,26,8
18152,170,25,7
18162,170,24,8
18173,170,24,8
18183,110,20,8
18196,110,20,8
18209,110,21,8
18220,110,22,8
18232,110,22,8
18243,110,23,8
18256,110,23,8
18266,110,24,8
18278,110,24,8
18291,110,25,8
18302,110,25,8
18315,110,26,8
18326,110,26,8
18337,110,27,8
18348,110,27,8
18360,170,25,8
18372,170,25,8
18383,170,21,8
18396,170,21,8
18409,170,22,8
18419,170,22,8
18432,170,23,8
18443,170,23,8
18456,170,24,8
18467,170,24,8
18480,170,25,8
18491,170,25,8
18502,170,26,8
18512,170,26,8
18523,170,27,8
18534,170,27,8
18547,170,27,8
18559,140,27,8
18570,110,26,8
18590,140,25,8
18604,170,22,8
18620,170,22,8
18633,170,23,8
18646,170,24,8
18657,170,24,8
18668,170,25,8
18681,170,25,8
18693,170,26,8
18705,170,26,8
18716,170,27,8
18729,170,27,8
18742,170,28,8
18755,170,28,8
18765,140,26,8
18778,140,26,8
18791,140,27,8
18802,170,22,8
18815,170,23,8
18826,170,23,8
18836,170,24,8
18849,170,24,8
18862,170,25,8
18874,170,26,8
18886,170,26,8
18899,170,26,8
18909,170,27,8
18922,170,27,8
18934,170,28,8
18947,170,28,8
18959,170,29,8
18970,170,26,8
18982,170,27,8
18996,170,28,8
19007,140,23,8
19020,140,24,8
19032,140,24,8
19043,140,25,8
19054,140,25,8
19066,140,26,8
19078,140,26,8
19089,140,27,8
19100,140,27,8
19113,140,28,8
19126,140,28,8
19139,140,29,8
19149,140,29,8
19159,140,30,8
19171,170,27,8
19182,170,28,8
19193,170,28,8
19206,110,23,8
19217,110,24,8
19228,110,25,8
19241,110,25,8
19253,110,26,8
19265,110,26,8
19277,110,27,8
19290,110,27,8
19301,110,28,8
19314,110,28,8
19326,110,29,8
19338,110,29,8
19349,110,30,8
19359,110,30,8
19372,140,29,8
19382,170,28,8
19393,170,29,8
19406,170,24,8
19417,170,25,8
19428,170,26,8
19441,170,26,8
19451,170,27,8
19462,170,27,8
19474,170,28,8
19485,170,28,8
19498,170,28,8
19509,170,29,8
19522,170,30,8
19533,170,30,8
19546,170,31,8
19557,170,31,8
19569,170,32,8
19579,110,29,8
19591,110,30,8
19602,110,30,8
19612,170,26,8
19624,170,26,8
19637,170,27,8
19649,170,27,8
19659,170,28,8
19672,170,28,8
19683,170,29,8
19696,170,30,8
19709,170,30,8
19722,170,31,8
19732,170,31,8
19743,170,32,8
19756,170,32,8
19767,170,33,8
19778,170,31,8
19789,140,31,8
19800,140,31,8
19811,170,27,8
19824,170,27,8
19835,170,28,8
19848,170,28,8
19859,170,29,8
19872,170,29,8
19883,170,30,8
19896,170,31,8
19907,170,31,8
19919,170,32,8
19932,170,32,8
19943,170,33,8
19956,170,33,8
19967,170,34,8
19978,170,33,8
19991,170,32,8
20001,170,32,8
20012,140,28,8
20024,140,28,8
20035,140,29,8
20048,140,29,8
20059,140,30,8
20072,140,30,8
20083,140,31,8
20094,140,31,8
20105,140,32,8
20115,140,32,8
20126,140,33,8
20139,140,34,8
20150,140,34,8
20161,140,35,8
20174,140,35,8
20185,170,34,8
20197,170,33,8
20209,170,32,8
20222,110,29,8
20232,110,30,8
20244,110,30,8
20256,110,30,8
20267,110,31,8
20278,110,31,8
20290,110,32,8
20302,110,33,8
20312,110,33,8
20323,110,33,8
20335,110,34,8
20346,110,34,8
20359,110,35,8
20371,110,35,8
20382,110,35,8
20393,140,34,8
20406,170,34,8
20418,170,29,8
20431,170,30,8
20443,170,30,8
20456,170,31,8
20467,170,32,8
20478,170,32,8
20491,170,33,8
20504,170,33,8
20515,170,34,8
20526,170,34,8
20539,170,34,8
20550,170,35,8
20562,170,35,8
20573,170,36,8
20584,170,36,8
20596,110,35,8
20609,110,34,8
20619,170,30,8
20632,170,30,8
20643,170,31,8
20656,170,31,8
20666,170,32,8
20678,170,32,8
20689,170,33,8
20699,170,33,8
20709,170,34,8
20720,170,34,8
20731,170,35,8
20743,170,35,8
20756,170,35,8
20767,170,36,8
20779,170,36,8
20792,170,35,8
20805,140,34,8
20816,140,35,8
20828,170,30,8
20841,170,31,8
20852,170,32,8
20862,170,32,8
20874,170,32,8
20884,170,33,8
20897,170,33,8
20909,170,34,8
20922,170,34,8
20933,170,35,8
20944,170,35,8
20957,170,36,8
20968,170,37,8
20978,170,37,8
20989,170,36,8
21000,170,36,8
21012,170,35,8
21025,140,31,8
21035,140,32,8
21048,140,32,8
21060,140,33,8
21071,140,33,8
21083,140,34,8
21095,140,34,8
21107,140,34,8
21121,140,35,8
21141,140,36,8
21156,140,36,8
21185,140,37,8
21200,170,35,8
21226,110,30,8
21238,110,30,8
21248,110,31,8
21259,110,31,8
21272,110,32,8
21282,110,32,8
21294,110,33,8
21305,110,33,8
21318,110,34,8
21368,110,35,8
21381,110,35,8
21391,110,36,8
21407,140,34,8
21419,140,35,8
21429,170,29,8
21441,170,30,8
21452,170,30,8
21462,170,31,8
21473,170,31,8
21483,170,32,8
21494,170,32,8
21506,170,33,8
21519,170,33,8
21530,170,34,8
21543,170,34,8
21555,170,35,8
21566,170,36,8
21578,170,36,8
21588,170,36,8
21599,110,35,8
21609,110,36,8
21622,110,35,8
21632,170,31,8
21643,170,31,8
21656,170,31,8
21667,170,32,8
21678,170,32,8
21691,170,33,8
21703,170,34,8
21716,170,34,8
21728,170,35,8
21740,170,35,8
21750,170,35,8
21762,170,36,8
21775,170,36,8
21788,170,37,8
21799,170,38,8
21818,170,36,8
21829,140,36,8
21840,170,31,8
21850,170,32,8
21863,170,32,8
21876,170,33,8
21890,170,33,8
21902,170,34,8
21913,170,34,8
21923,170,34,8
21938,170,35,8
21949,170,36,8
21960,170,36,8
21971,170,36,8
21985,170,37,8
22007,170,36,8
22018,170,37,8
22038,170,36,8
22049,140,32,8
22059,140,32,8
22072,140,33,8
22083,140,34,8
22095,140,34,8
22107,140,35,8
22120,140,35,8
22132,140,36,8
22143,140,36,8
22156,140,37,8
22166,140,37,8
22178,140,38,8
22189,140,38,8
22199,140,39,8
22209,170,37,8
22222,170,37,8
22233,170,38,8
22244,170,37,8
22257,110,33,8
22267,110,33,8
22278,110,34,8
22291,110,34,8
22304,110,35,8
22315,110,35,8
22326,110,36,8
22339,110,36,8
22350,110,37,8
22362,110,37,8
22373,110,38,8
22383,110,38,8
22394,110,39,8
22405,100,38,8
22417,140,38,8
22428,140,38,8
22441,140,39,8
22453,170,38,8
22466,170,34,8
22478,170,34,8
22488,170,35,8
22499,170,35,8
22509,170,36,8
22522,170,36,8
22534,170,37,8
22546,170,37,8
22557,170,38,8
22568,170,38,8
22581,170,38,8
22593,170,39,8
22603,170,39,8
22615,110,38,8
22628,110,39,8
22640,110,39,8
22650,110,39,8
22662,170,34,8
22675,170,34,8
22688,170,35,8
22699,170,36,8
22709,170,36,8
22721,170,37,8
22732,170,37,8
22743,170,38,8
22754,170,38,8
22765,170,38,8
22776,170,39,8
22789,170,39,8
22799,170,40,8
22811,170,40,8
22832,170,39,8
22846,170,40,8
22857,140,39,8
22869,170,35,8
22881,170,35,8
22892,170,36,8
22904,170,36,8
22916,170,37,8
22928,170,37,8
22941,170,38,8
22952,170,38,8
22968,170,39,8
22979,170,39,8
22991,170,40,8
23002,170,40,8
23015,170,41,8
23026,170,39,8
23039,170,40,8
23050,170,41,8
23061,170,40,8
23071,140,36,8
23082,140,36,8
23094,140,37,8
23106,140,37,8
23118,140,38,8
23129,140,38,8
23139,140,39,8
23150,140,39,8
23162,140,40,8
23175,140,40,8
23186,140,41,8
23199,140,41,8
23209,140,42,8
23222,140,42,8
23233,170,41,8
23247,170,41,8
23259,170,42,8
23272,110,36,8
23282,110,37,8
23293,110,37,8
23306,110,38,8
23316,110,38,8
23328,110,39,8
23340,110,39,8
23350,110,40,8
23362,110,40,8
23375,110,41,8
23387,110,41,8
23399,110,42,8
23414,110,42,8
23426,110,43,8
23437,140,41,8
23449,140,42,8
23459,140,42,8
23472,170,37,8
23483,170,37,8
23495,170,38,8
23508,170,38,8
23519,170,39,8
23532,170,39,8
23542,170,40,8
23555,170,40,8
23565,170,41,8
23576,170,42,8
23587,170,42,8
23599,170,43,8
23610,170,43,8
23623,170,44,8
23634,170,44,8
23646,110,43,8
23656,110,43,8
23667,110,43,8
23678,170,38,8
23690,170,39,8
23700,170,39,8
23712,170,40,8
23724,170,40,8
23736,170,41,8
23749,170,41,8
23759,170,42,8
23771,170,42,8
23782,170,43,8
23793,170,44,8
23806,170,44,8
23816,170,45,8
23827,170,45,8
23837,160,45,7
23848,170,44,8
23859,170,44,8
23873,140,44,8
23891,170,40,8
23901,170,40,8
23918,170,41,8
23930,170,42,8
23943,170,42,8
23964,170,43,8
23989,170,44,8
24000,170,44,8
24010,170,44,8
24022,170,45,8
24033,170,45,8
24047,170,44,8
24060,170,44,8
24073,170,44,8
24083,140,39,8
24094,140,40,8
24106,140,40,8
24117,140,41,8
24128,140,41,8
24139,140,42,8
24151,140,42,8
24163,140,43,8
24176,140,43,8
24189,140,44,8
24199,140,44,8
24211,140,45,8
24224,140,45,8
24237,140,46,8
24249,170,44,8
24259,170,45,8
24270,170,45,8
24282,170,45,8
24293,110,40,8
24305,110,41,8
24316,110,41,8
24329,110,42,8
24339,110,42,8
24350,110,43,8
24362,110,43,8
24374,110,44,8
24384,110,44,8
24396,110,45,8
24407,110,45,8
24419,110,46,8
24432,110,46,8
24443,110,47,8
24456,140,46,8
24466,140,46,8
24479,140,46,8
24492,170,41,8
24503,170,42,8
24515,170,42,8
24525,170,43,8
24538,170,43,8
24551,170,44,8
24562,170,44,8
24573,170,45,8
24586,170,45,8
24599,170,46,8
24609,170,46,8
24620,170,46,8
24632,170,46,8
24644,170,46,8
24657,110,44,8
24667,110,44,8
24698,110,44,8
24723,170,38,8
24734,170,38,8
24745,170,38,8
24757,170,38,8
24768,170,38,8
24778,170,38,8
24789,170,38,8
24803,170,38,8
24815,170,38,8
24829,170,38,8
24847,170,38,8
24857,170,36,8
24869,170,36,8
24882,170,36,8
24893,170,36,8
24906,170,31,8
24916,170,30,8
24928,170,30,8
24938,170,30,8
24950,170,30,8
24960,170,30,8
24972,170,30,8
24983,170,30,8
24996,170,30,8
25007,170,30,8
25019,170,30,8
25029,170,30,8
25041,170,30,8
25052,160,29,6
25064,170,28,8
25096,170,28,8
25111,70,24,7
25144,140,22,8
25154,140,22,8
25165,140,22,8
25178,140,22,8
25190,140,22,8
25203,140,22,8
25218,140,22,8
25228,140,22,8
25241,140,22,8
25253,140,22,8
25265,170,20,8
25277,170,20,8
25289,170,20,8
25300,170,20,8
25311,170,20,8
25321,140,15,8
25334,110,14,8
25344,110,14,8
25356,110,14,8
25366,110,14,8
25379,110,14,8
25390,110,14,8
25402,110,14,8
25412,110,14,8
25425,110,14,8
25438,110,14,8
25449,110,14,8
25459,140,12,8
25472,140,12,8
25485,140,12,8
25498,140,12,8
25511,140,12,8
25523,170,7,8
25536,160,6,8
25548,170,6,8
25560,170,6,8
25571,170,6,8
25582,170,6,8
25593,170,6,8
25604,170,6,8
25616,170,6,8
25628,170,6,8
25639,170,6,8
25650,170,6,8
25663,140,5,8
25674,110,4,8
25686,110,4,8
25696,110,4,8
25709,110,4,8
25720,160,0,7
25732,160,0,7
25745,150,0,6
25757,150,0,6
25770,150,0,6
25781,150,0,6
25792,150,0,6
25802,150,0,6
25814,150,0,6
25826,150,0,6
25837,150,0,6
25848,150,0,6
25860,150,0,6
25873,130,0,4
25887,130,0,4
25900,130,0,4
25912,130,0,4
25922,50,0,2
